{"tgs":1,"v":"5.5.2","fr":30,"ip":0,"op":60,"w":400,"h":400,"nm":"tea","ddd":0,"assets":[],"layers":[{"ddd":0,"ind":1,"ty":4,"nm":"steam","sr":1,"ks":{"p":{"a":0,"k":[191.40625,174.21875,0]},"a":{"a":0,"k":[1086.032,788.781,0]},"s":{"a":0,"k":[16.240625,16.240625,100]}},"ao":0,"shapes":[{"ty":"gr","it":[{"ind":0,"ty":"sh","ks":{"a":1,"k":[{"i":{"x":0.667,"y":1},"o":{"x":0.167,"y":0.167},"t":0,"s":[{"i":[[0,-24.923],[-1.135,-60.038],[0,0],[-1.135,46.443],[0,0]],"o":[[0,66.924],[1.132,60.039],[-18.125,-73.629],[1.132,-46.446],[0,0]],"v":[[0.566,-71.364],[-16.424,47.583],[0.566,135.937],[16.427,-45.31],[-13.027,-135.937]],"c":true}]},{"t":23,"s":[{"i":[[0,-24.923],[-1.135,-60.038],[0,0],[-1.135,46.443],[0,0]],"o":[[0,66.924],[1.132,60.039],[-18.125,-73.629],[1.132,-46.446],[0,0]],"v":[[0.566,-71.364],[-16.424,47.583],[0.566,135.937],[16.427,-45.31],[-13.027,-135.937]],"c":true}],"h":1},{"i":{"x":0.833,"y":0.833},"o":{"x":0.167,"y":0.167},"t":25,"s":[{"i":[[2.687,-24.778],[-1.135,-60.038],[0,0],[-3.182,56.159],[0,0]],"o":[[-4.025,37.116],[1.132,60.039],[11.008,-68.296],[2.693,-47.522],[0,0]],"v":[[-4.445,-58.002],[-4.732,67.627],[0.566,135.936],[6.405,-48.65],[-1.335,-166.002]],"c":true}]},{"t":59,"s":[{"i":[[0,-24.923],[-1.135,-60.038],[0,0],[-1.135,46.443],[0,0]],"o":[[0,66.924],[1.132,60.039],[-18.125,-73.629],[1.132,-46.446],[0,0]],"v":[[0.566,-71.364],[-16.424,47.583],[0.566,135.937],[16.427,-45.31],[-13.027,-135.937]],"c":true}]}]},"nm":"Path 1","hd":false},{"ty":"fl","c":{"a":0,"k":[0.999999820485,0.999999760646,0.999999820485,1]},"o":{"a":0,"k":100},"r":1,"bm":0,"nm":"Fill 1","hd":false},{"ty":"tr","p":{"a":1,"k":[{"i":{"x":0.833,"y":0.833},"o":{"x":0.167,"y":0.167},"t":0,"s":[997.122,266.185],"to":[0,0],"ti":[0,0]},{"t":23,"s":[997.122,73.185],"h":1},{"i":{"x":0.833,"y":0.833},"o":{"x":0.167,"y":0.167},"t":25,"s":[997.122,788.185],"to":[0,0],"ti":[0,0]},{"t":59,"s":[997.122,266.185]}]},"a":{"a":0,"k":[0,0]},"s":{"a":1,"k":[{"i":{"x":[0.833,0.833],"y":[0.833,0.833]},"o":{"x":[0.167,0.167],"y":[0.167,0.167]},"t":0,"s":[236,236]},{"t":23,"s":[236,236],"h":1},{"i":{"x":[0.833,0.833],"y":[0.833,0.833]},"o":{"x":[0.167,0.167],"y":[0.167,0.167]},"t":25,"s":[72,72]},{"t":59,"s":[236,236]}]},"r":{"a":0,"k":0},"o":{"a":1,"k":[{"i":{"x":[0.833],"y":[0.833]},"o":{"x":[0.167],"y":[0.167]},"t":0,"s":[50]},{"t":23,"s":[0],"h":1},{"i":{"x":[0.833],"y":[0.833]},"o":{"x":[0.167],"y":[0.167]},"t":25,"s":[0]},{"t":59,"s":[50]}]},"sk":{"a":0,"k":0},"sa":{"a":0,"k":0},"nm":"Transform"}],"nm":"Group 6","bm":0,"hd":false},{"ty":"gr","it":[{"ind":0,"ty":"sh","ks":{"a":0,"k":{"i":[[0,0],[0,-33.23],[-1.507,-80.055],[0,0],[-1.51,61.927]],"o":[[0,0],[0,89.225],[1.514,80.051],[-24.165,-98.174],[1.51,-61.924]],"v":[[-17.373,-181.25],[0.753,-95.154],[-21.905,63.439],[0.753,181.25],[21.902,-60.417]],"c":true}},"nm":"Path 1","hd":false},{"ty":"fl","c":{"a":0,"k":[0.999999820485,0.999999760646,0.999999820485,1]},"o":{"a":0,"k":100},"r":1,"bm":0,"nm":"Fill 1","hd":false},{"ty":"tr","p":{"a":1,"k":[{"i":{"x":0.833,"y":0.833},"o":{"x":0.167,"y":0.167},"t":0,"s":[1171.8,681.952],"to":[0,-93.833],"ti":[0,93.833]},{"t":48,"s":[1171.8,118.952],"h":1}]},"a":{"a":0,"k":[0,0]},"s":{"a":1,"k":[{"i":{"x":[0.833,0.833],"y":[0.833,0.833]},"o":{"x":[0.167,0.167],"y":[0.167,0.167]},"t":0,"s":[47,47]},{"t":48,"s":[188,188],"h":1}]},"r":{"a":0,"k":0},"o":{"a":1,"k":[{"i":{"x":[0.833],"y":[0.833]},"o":{"x":[0.167],"y":[0.167]},"t":0,"s":[0]},{"i":{"x":[0.833],"y":[0.833]},"o":{"x":[0.167],"y":[0.167]},"t":18,"s":[69]},{"t":48,"s":[0],"h":1}]},"sk":{"a":0,"k":0},"sa":{"a":0,"k":0},"nm":"Transform"}],"nm":"Group 7","bm":0,"hd":false},{"ty":"gr","it":[{"ind":0,"ty":"sh","ks":{"a":1,"k":[{"i":{"x":0.833,"y":0.833},"o":{"x":0.167,"y":0.167},"t":10,"s":[{"i":[[0,-66.205],[-3.01,-159.488],[0,0],[-3.013,123.375],[0,0]],"o":[[0,177.77],[3.008,159.493],[-48.148,-195.598],[3.011,-123.376],[0,0]],"v":[[1.503,-189.578],[-43.634,126.387],[1.503,361.102],[43.633,-120.368],[-34.607,-361.102]],"c":true}]},{"t":59,"s":[{"i":[[-3.579,-66.108],[-24.429,-115.868],[0,0],[46.147,130.887],[0,0]],"o":[[7.476,138.087],[23.65,112.17],[58.212,-68.718],[-33.884,-96.104],[0,0]],"v":[[-66.144,-197.095],[-9.81,83.167],[-17.288,293.454],[4.172,-110.972],[-34.607,-361.102]],"c":true}]}]},"nm":"Path 1","hd":false},{"ty":"fl","c":{"a":0,"k":[0.999999820485,0.999999760646,0.999999820485,1]},"o":{"a":0,"k":100},"r":1,"bm":0,"nm":"Fill 1","hd":false},{"ty":"tr","p":{"a":1,"k":[{"i":{"x":0.833,"y":0.833},"o":{"x":0.167,"y":0.167},"t":10,"s":[1096.186,724.868],"to":[0,-87],"ti":[0,87]},{"t":59,"s":[1096.186,202.868]}]},"a":{"a":0,"k":[0,0]},"s":{"a":1,"k":[{"i":{"x":[0.833,0.833],"y":[0.833,0.833]},"o":{"x":[0.167,0.167],"y":[0.167,0.167]},"t":10,"s":[45,45]},{"t":59,"s":[128,128]}]},"r":{"a":0,"k":0},"o":{"a":1,"k":[{"i":{"x":[0.833],"y":[0.833]},"o":{"x":[0.167],"y":[0.167]},"t":10,"s":[0]},{"i":{"x":[0.833],"y":[0.833]},"o":{"x":[0.167],"y":[0.167]},"t":34,"s":[74]},{"t":59,"s":[0]}]},"sk":{"a":0,"k":0},"sa":{"a":0,"k":0},"nm":"Transform"}],"nm":"Group 8","bm":0,"hd":false}],"ip":0,"op":60,"st":0,"bm":0},{"ddd":0,"ind":2,"ty":4,"nm":"tea bag","sr":1,"ks":{"r":{"a":1,"k":[{"i":{"x":[0.667],"y":[1]},"o":{"x":[0.333],"y":[0]},"t":0,"s":[2.248]},{"i":{"x":[0.667],"y":[1]},"o":{"x":[0.333],"y":[0]},"t":29,"s":[-2.806]},{"t":59,"s":[2.248]}]},"p":{"a":0,"k":[178.12499999999997,207.8125,0]},"a":{"a":0,"k":[1004.254,995.633,0]},"s":{"a":0,"k":[16.240625,16.240625,100]}},"ao":0,"shapes":[{"ty":"gr","it":[{"ind":0,"ty":"sh","ks":{"a":0,"k":{"i":[[-0.024,-1.144],[-4.885,0.001],[-0.062,0.001],[0.102,4.971],[1.046,53.859],[0,0]],"o":[[0.101,4.906],[0.062,0],[4.97,-0.101],[-0.023,-1.148],[0,0],[1.037,53.435]],"v":[[-8.141,41.978],[0.854,50.793],[1.042,50.792],[9.855,41.608],[8.023,-50.794],[-9.957,-49.627]],"c":true}},"nm":"Path 1","hd":false},{"ty":"fl","c":{"a":0,"k":[0.915215585746,0.881184776157,0.796437042835,1]},"o":{"a":0,"k":100},"r":1,"bm":0,"nm":"Fill 1","hd":false},{"ty":"tr","p":{"a":0,"k":[960.754,1473.766]},"a":{"a":0,"k":[0,0]},"s":{"a":0,"k":[100,100]},"r":{"a":0,"k":0},"o":{"a":0,"k":100},"sk":{"a":0,"k":0},"sa":{"a":0,"k":0},"nm":"Transform"}],"nm":"Group 1","bm":0,"hd":false},{"ty":"gr","it":[{"ind":0,"ty":"sh","ks":{"a":1,"k":[{"i":{"x":0.667,"y":1},"o":{"x":0.333,"y":0},"t":0,"s":[{"i":[[0,0],[0,0],[0,0],[0,0]],"o":[[0,0],[0,0],[0,0],[0,0]],"v":[[-106.923,-68.438],[-101.639,43.939],[106.923,68.438],[104.397,-51.518]],"c":true}]},{"i":{"x":0.667,"y":1},"o":{"x":0.333,"y":0},"t":29,"s":[{"i":[[0,0],[0,0],[0,0],[0,0]],"o":[[0,0],[0,0],[0,0],[0,0]],"v":[[-107.865,-49.219],[-107.739,70.13],[92.98,58.121],[92.62,-56.911]],"c":true}]},{"t":59,"s":[{"i":[[0,0],[0,0],[0,0],[0,0]],"o":[[0,0],[0,0],[0,0],[0,0]],"v":[[-106.923,-68.438],[-101.639,43.939],[106.923,68.438],[104.397,-51.518]],"c":true}]}]},"nm":"Path 1","hd":false},{"ty":"fl","c":{"a":0,"k":[0.999999820485,0.999999760646,0.999999820485,1]},"o":{"a":0,"k":100},"r":1,"bm":0,"nm":"Fill 1","hd":false},{"ty":"tr","p":{"a":0,"k":[971.201,1486.157]},"a":{"a":0,"k":[0,0]},"s":{"a":0,"k":[100,100]},"r":{"a":0,"k":0},"o":{"a":0,"k":100},"sk":{"a":0,"k":0},"sa":{"a":0,"k":0},"nm":"Transform"}],"nm":"Group 2","bm":0,"hd":false},{"ty":"gr","it":[{"ind":0,"ty":"sh","ks":{"a":0,"k":{"i":[[-0.068,-3.339],[-4.885,0.001],[-0.062,0.001],[0.102,4.971],[1.431,132.416],[0,0]],"o":[[0.101,4.906],[0.062,0],[4.97,-0.101],[-0.067,-3.306],[0,0],[1.354,130.527]],"v":[[-5.184,217.086],[3.81,225.901],[3.998,225.9],[12.812,216.716],[5.125,-222.394],[-12.914,-225.902]],"c":true}},"nm":"Path 1","hd":false},{"ty":"fl","c":{"a":0,"k":[0.68997186399,0.619685992073,0.481939457912,1]},"o":{"a":0,"k":100},"r":1,"bm":0,"nm":"Fill 1","hd":false},{"ty":"tr","p":{"a":0,"k":[957.798,1298.658]},"a":{"a":0,"k":[0,0]},"s":{"a":0,"k":[100,100]},"r":{"a":0,"k":0},"o":{"a":0,"k":100},"sk":{"a":0,"k":0},"sa":{"a":0,"k":0},"nm":"Transform"}],"nm":"Group 3","bm":0,"hd":false},{"ty":"gr","it":[{"ind":0,"ty":"sh","ks":{"a":0,"k":{"i":[[0.062,0],[0.101,4.906],[0.606,109.041],[-13.007,8.254],[-1.653,-0.791],[2.142,-4.485],[4.484,2.133],[0,0],[13.908,-8.854],[-0.083,-14.895],[-0.073,-3.582],[4.97,-0.101]],"o":[[-4.885,0.001],[-0.073,-3.584],[-0.119,-21.519],[25.18,-15.979],[4.485,2.141],[-2.14,4.481],[0,0],[-8.797,-4.17],[-7.411,4.717],[0.605,108.908],[0.102,4.971],[-0.062,0.001]],"v":[[-28.881,269.211],[-37.875,260.396],[-45.82,-208.365],[-26.398,-253.234],[39.553,-250.068],[43.797,-238.068],[31.809,-233.82],[31.808,-233.82],[-16.776,-238.021],[-27.82,-208.465],[-19.879,260.027],[-28.693,269.21]],"c":true}},"nm":"Path 1","hd":false},{"ty":"fl","c":{"a":0,"k":[0.978750789867,0.921360090667,0.755098709406,1]},"o":{"a":0,"k":100},"r":1,"bm":0,"nm":"Fill 1","hd":false},{"ty":"tr","p":{"a":0,"k":[990.489,1255.347]},"a":{"a":0,"k":[0,0]},"s":{"a":0,"k":[100,100]},"r":{"a":0,"k":0},"o":{"a":0,"k":100},"sk":{"a":0,"k":0},"sa":{"a":0,"k":0},"nm":"Transform"}],"nm":"Group 4","bm":0,"hd":false},{"ty":"gr","it":[{"ind":0,"ty":"sh","ks":{"a":1,"k":[{"i":{"x":0.667,"y":1},"o":{"x":0.333,"y":0},"t":0,"s":[{"i":[[0,0],[0,0],[0,0],[0,0],[0,0],[0,0],[0,0],[0,0]],"o":[[0,0],[0,0],[0,0],[0,0],[0,0],[0,0],[0,0],[0,0]],"v":[[230.577,-124.542],[153.77,-243.001],[-174.516,-267.656],[-243.71,-159.986],[-238.554,137.28],[-144.047,242.407],[167.234,267.656],[243.71,185.102]],"c":true}]},{"i":{"x":0.667,"y":1},"o":{"x":0.333,"y":0},"t":29,"s":[{"i":[[0,0],[0,0],[0,0],[0,0],[0,0],[0,0],[0,0],[0,0]],"o":[[0,0],[0,0],[0,0],[0,0],[0,0],[0,0],[0,0],[0,0]],"v":[[212.183,-142.301],[141.759,-243.59],[-191.05,-225.12],[-260.244,-117.45],[-249.294,208.998],[-160.581,284.943],[123.874,267.939],[200.35,185.385]],"c":true}]},{"t":59,"s":[{"i":[[0,0],[0,0],[0,0],[0,0],[0,0],[0,0],[0,0],[0,0]],"o":[[0,0],[0,0],[0,0],[0,0],[0,0],[0,0],[0,0],[0,0]],"v":[[230.577,-124.542],[153.77,-243.001],[-174.516,-267.656],[-243.71,-159.986],[-238.554,137.28],[-144.047,242.407],[167.234,267.656],[243.71,185.102]],"c":true}]}]},"nm":"Path 1","hd":false},{"ty":"fl","c":{"a":0,"k":[0.770618992226,0.913817401961,0.939532650218,1]},"o":{"a":0,"k":100},"r":1,"bm":0,"nm":"Fill 1","hd":false},{"ty":"tr","p":{"a":0,"k":[978.223,1722.938]},"a":{"a":0,"k":[0,0]},"s":{"a":0,"k":[100,100]},"r":{"a":0,"k":0},"o":{"a":0,"k":100},"sk":{"a":0,"k":0},"sa":{"a":0,"k":0},"nm":"Transform"}],"nm":"Group 5","bm":0,"hd":false}],"ip":0,"op":60,"st":0,"bm":0},{"ddd":0,"ind":3,"ty":4,"nm":"tea","sr":1,"ks":{"p":{"a":0,"k":[192.96875000000003,162.5,0]},"a":{"a":0,"k":[1095.653,716.624,0]},"s":{"a":0,"k":[16.240625,16.240625,100]}},"ao":0,"shapes":[{"ty":"gr","it":[{"ind":0,"ty":"sh","ks":{"a":1,"k":[{"i":{"x":0.833,"y":0.833},"o":{"x":0.167,"y":0.167},"t":0,"s":[{"i":[[-200.038,0],[-111.373,68.32],[226.553,0],[73.695,-92.868]],"o":[[182.121,0],[-61.826,-103.753],[-211.065,0],[110.731,80.291]],"v":[[15.662,145.409],[472.556,33.957],[-7.235,-145.409],[-472.557,13.087]],"c":true}]},{"i":{"x":0.833,"y":0.833},"o":{"x":0.167,"y":0.167},"t":4,"s":[{"i":[[-200.038,0],[-111.373,68.32],[226.553,0],[73.695,-92.868]],"o":[[182.121,0],[-61.826,-103.753],[-211.065,0],[110.731,80.291]],"v":[[15.662,145.409],[472.556,33.957],[2.386,-152.624],[-472.557,13.087]],"c":true}]},{"i":{"x":0.833,"y":0.833},"o":{"x":0.167,"y":0.167},"t":10,"s":[{"i":[[-200.038,0],[-111.373,68.32],[226.553,0],[73.695,-92.868]],"o":[[182.121,0],[-61.826,-103.753],[-211.065,0],[110.731,80.291]],"v":[[15.662,145.409],[472.556,33.957],[-7.235,-145.409],[-472.557,13.087]],"c":true}]},{"i":{"x":0.833,"y":0.833},"o":{"x":0.167,"y":0.167},"t":14,"s":[{"i":[[-200.038,0],[-111.373,68.32],[226.553,0],[73.695,-92.868]],"o":[[182.121,0],[-61.826,-103.753],[-211.065,0],[110.731,80.291]],"v":[[15.662,145.409],[472.556,33.957],[2.386,-152.624],[-472.557,13.087]],"c":true}]},{"i":{"x":0.833,"y":0.833},"o":{"x":0.167,"y":0.167},"t":18,"s":[{"i":[[-200.038,0],[-111.373,68.32],[226.553,0],[73.695,-92.868]],"o":[[182.121,0],[-61.826,-103.753],[-211.065,0],[110.731,80.291]],"v":[[15.662,145.409],[472.556,33.957],[-7.235,-145.409],[-472.557,13.087]],"c":true}]},{"i":{"x":0.833,"y":0.833},"o":{"x":0.167,"y":0.167},"t":22,"s":[{"i":[[-200.038,0],[-111.373,68.32],[226.553,0],[73.695,-92.868]],"o":[[182.121,0],[-61.826,-103.753],[-211.065,0],[110.731,80.291]],"v":[[15.662,145.409],[472.556,33.957],[2.386,-152.624],[-472.557,13.087]],"c":true}]},{"i":{"x":0.833,"y":0.833},"o":{"x":0.167,"y":0.167},"t":26,"s":[{"i":[[-200.038,0],[-111.373,68.32],[226.553,0],[73.695,-92.868]],"o":[[182.121,0],[-61.826,-103.753],[-211.065,0],[110.731,80.291]],"v":[[15.662,145.409],[472.556,33.957],[-7.235,-145.409],[-472.557,13.087]],"c":true}]},{"i":{"x":0.833,"y":0.833},"o":{"x":0.167,"y":0.167},"t":30,"s":[{"i":[[-200.038,0],[-111.373,68.32],[226.553,0],[73.695,-92.868]],"o":[[182.121,0],[-61.826,-103.753],[-211.065,0],[110.731,80.291]],"v":[[15.662,145.409],[472.556,33.957],[2.386,-152.624],[-472.557,13.087]],"c":true}]},{"i":{"x":0.833,"y":0.833},"o":{"x":0.167,"y":0.167},"t":34,"s":[{"i":[[-200.038,0],[-111.373,68.32],[226.553,0],[73.695,-92.868]],"o":[[182.121,0],[-61.826,-103.753],[-211.065,0],[110.731,80.291]],"v":[[15.662,145.409],[472.556,33.957],[-7.235,-145.409],[-472.557,13.087]],"c":true}]},{"i":{"x":0.833,"y":0.833},"o":{"x":0.167,"y":0.167},"t":38,"s":[{"i":[[-200.038,0],[-111.373,68.32],[226.553,0],[73.695,-92.868]],"o":[[182.121,0],[-61.826,-103.753],[-211.065,0],[110.731,80.291]],"v":[[15.662,145.409],[472.556,33.957],[2.386,-152.624],[-472.557,13.087]],"c":true}]},{"i":{"x":0.833,"y":0.833},"o":{"x":0.167,"y":0.167},"t":42,"s":[{"i":[[-200.038,0],[-111.373,68.32],[226.553,0],[73.695,-92.868]],"o":[[182.121,0],[-61.826,-103.753],[-211.065,0],[110.731,80.291]],"v":[[15.662,145.409],[472.556,33.957],[-7.235,-145.409],[-472.557,13.087]],"c":true}]},{"i":{"x":0.833,"y":0.833},"o":{"x":0.167,"y":0.167},"t":46,"s":[{"i":[[-200.038,0],[-111.373,68.32],[226.553,0],[73.695,-92.868]],"o":[[182.121,0],[-61.826,-103.753],[-211.065,0],[110.731,80.291]],"v":[[15.662,145.409],[472.556,33.957],[2.386,-152.624],[-472.557,13.087]],"c":true}]},{"i":{"x":0.833,"y":0.833},"o":{"x":0.167,"y":0.167},"t":51,"s":[{"i":[[-200.038,0],[-111.373,68.32],[226.553,0],[73.695,-92.868]],"o":[[182.121,0],[-61.826,-103.753],[-211.065,0],[110.731,80.291]],"v":[[15.662,145.409],[472.556,33.957],[-7.235,-145.409],[-472.557,13.087]],"c":true}]},{"i":{"x":0.833,"y":0.833},"o":{"x":0.167,"y":0.167},"t":55,"s":[{"i":[[-200.038,0],[-111.373,68.32],[226.553,0],[73.695,-92.868]],"o":[[182.121,0],[-61.826,-103.753],[-211.065,0],[110.731,80.291]],"v":[[15.662,145.409],[472.556,33.957],[2.386,-152.624],[-472.557,13.087]],"c":true}]},{"t":59,"s":[{"i":[[-200.038,0],[-111.373,68.32],[226.553,0],[73.695,-92.868]],"o":[[182.121,0],[-61.826,-103.753],[-211.065,0],[110.731,80.291]],"v":[[15.662,145.409],[472.556,33.957],[-7.235,-145.409],[-472.557,13.087]],"c":true}]}]},"nm":"Path 1","hd":false},{"ty":"fl","c":{"a":0,"k":[0.828063486137,0.508594408222,0.414151868633,1]},"o":{"a":0,"k":100},"r":1,"bm":0,"nm":"Fill 1","hd":false},{"ty":"tr","p":{"a":0,"k":[1085.544,876.491]},"a":{"a":0,"k":[0,0]},"s":{"a":0,"k":[100,100]},"r":{"a":0,"k":0},"o":{"a":0,"k":100},"sk":{"a":0,"k":0},"sa":{"a":0,"k":0},"nm":"Transform"}],"nm":"Group 9","bm":0,"hd":false},{"ty":"gr","it":[{"ind":0,"ty":"sh","ks":{"a":1,"k":[{"i":{"x":0.833,"y":0.833},"o":{"x":0.167,"y":0.167},"t":0,"s":[{"i":[[-30.377,-3.039],[-9.113,-130.62],[0,0],[13.16,65.801]],"o":[[0,0],[-130.62,12.15],[0,0],[60.754,-54.678]],"v":[[123.026,-160.996],[144.29,112.394],[-101.762,164.035],[-144.289,-85.056]],"c":true}]},{"i":{"x":0.833,"y":0.833},"o":{"x":0.167,"y":0.167},"t":9,"s":[{"i":[[-30.377,-3.039],[-9.113,-130.62],[0,0],[13.16,65.801]],"o":[[0,0],[-130.62,12.15],[0,0],[60.754,-54.678]],"v":[[123.026,-160.996],[144.29,112.394],[-101.762,164.035],[-144.289,-85.056]],"c":true}]},{"i":{"x":0.833,"y":0.833},"o":{"x":0.167,"y":0.167},"t":17,"s":[{"i":[[-30.377,-3.039],[-9.113,-130.62],[0,0],[13.16,65.801]],"o":[[0,0],[-130.62,12.15],[0,0],[60.754,-54.678]],"v":[[123.026,-160.996],[144.29,112.394],[-101.762,164.035],[-144.289,-85.056]],"c":true}]},{"i":{"x":0.833,"y":0.833},"o":{"x":0.167,"y":0.167},"t":25,"s":[{"i":[[-30.377,-3.039],[-9.113,-130.62],[0,0],[13.16,65.801]],"o":[[0,0],[-130.62,12.15],[0,0],[60.754,-54.678]],"v":[[123.026,-160.996],[144.29,112.394],[-101.762,164.035],[-144.289,-85.056]],"c":true}]},{"i":{"x":0.833,"y":0.833},"o":{"x":0.167,"y":0.167},"t":33,"s":[{"i":[[-30.377,-3.039],[-9.113,-130.62],[0,0],[13.16,65.801]],"o":[[0,0],[-130.62,12.15],[0,0],[60.754,-54.678]],"v":[[123.026,-160.996],[144.29,112.394],[-101.762,164.035],[-144.289,-85.056]],"c":true}]},{"i":{"x":0.833,"y":0.833},"o":{"x":0.167,"y":0.167},"t":41,"s":[{"i":[[-30.377,-3.039],[-9.113,-130.62],[0,0],[13.16,65.801]],"o":[[0,0],[-130.62,12.15],[0,0],[60.754,-54.678]],"v":[[123.026,-160.996],[144.29,112.394],[-101.762,164.035],[-144.289,-85.056]],"c":true}]},{"i":{"x":0.833,"y":0.833},"o":{"x":0.167,"y":0.167},"t":50,"s":[{"i":[[-30.377,-3.039],[-9.113,-130.62],[0,0],[13.16,65.801]],"o":[[0,0],[-130.62,12.15],[0,0],[60.754,-54.678]],"v":[[123.026,-160.996],[144.29,112.394],[-101.762,164.035],[-144.289,-85.056]],"c":true}]},{"t":59,"s":[{"i":[[-30.377,-3.039],[-9.113,-130.62],[0,0],[13.16,65.801]],"o":[[0,0],[-130.62,12.15],[0,0],[60.754,-54.678]],"v":[[123.026,-160.996],[144.29,112.394],[-101.762,164.035],[-144.289,-85.056]],"c":true}]}]},"nm":"Path 1","hd":false},{"ty":"fl","c":{"a":0,"k":[0.801733877145,0.256409798416,0.007668897217,1]},"o":{"a":0,"k":100},"r":1,"bm":0,"nm":"Fill 1","hd":false},{"ty":"tr","p":{"a":0,"k":[804.87,733.16]},"a":{"a":0,"k":[0,0]},"s":{"a":0,"k":[100,100]},"r":{"a":0,"k":0},"o":{"a":0,"k":100},"sk":{"a":0,"k":0},"sa":{"a":0,"k":0},"nm":"Transform"}],"nm":"Group 10","bm":0,"hd":false},{"ty":"gr","it":[{"ind":0,"ty":"sh","ks":{"a":1,"k":[{"i":{"x":0.833,"y":0.833},"o":{"x":0.167,"y":0.167},"t":0,"s":[{"i":[[217.323,0],[0,-112.339],[-217.323,0],[0,112.329]],"o":[[-217.323,0],[0,112.329],[217.323,0],[0,-112.339]],"v":[[0.001,-203.399],[-393.498,0.003],[0.001,203.399],[393.498,0.003]],"c":true}]},{"i":{"x":0.833,"y":0.833},"o":{"x":0.167,"y":0.167},"t":5,"s":[{"i":[[217.323,0],[0,-112.339],[-217.323,0],[0,112.329]],"o":[[-217.323,0],[0,112.329],[217.323,0],[0,-112.339]],"v":[[0.001,-203.399],[-393.498,0.003],[0.001,203.399],[407.929,0.003]],"c":true}]},{"i":{"x":0.833,"y":0.833},"o":{"x":0.167,"y":0.167},"t":9,"s":[{"i":[[217.323,0],[0,-112.339],[-217.323,0],[0,112.329]],"o":[[-217.323,0],[0,112.329],[217.323,0],[0,-112.339]],"v":[[0.001,-203.399],[-393.498,0.003],[0.001,203.399],[393.498,0.003]],"c":true}]},{"i":{"x":0.833,"y":0.833},"o":{"x":0.167,"y":0.167},"t":13,"s":[{"i":[[217.323,0],[0,-112.339],[-217.323,0],[0,112.329]],"o":[[-217.323,0],[0,112.329],[217.323,0],[0,-112.339]],"v":[[0.001,-203.399],[-393.498,0.003],[0.001,203.399],[407.929,0.003]],"c":true}]},{"i":{"x":0.833,"y":0.833},"o":{"x":0.167,"y":0.167},"t":17,"s":[{"i":[[217.323,0],[0,-112.339],[-217.323,0],[0,112.329]],"o":[[-217.323,0],[0,112.329],[217.323,0],[0,-112.339]],"v":[[0.001,-203.399],[-393.498,0.003],[0.001,203.399],[393.498,0.003]],"c":true}]},{"i":{"x":0.833,"y":0.833},"o":{"x":0.167,"y":0.167},"t":21,"s":[{"i":[[217.323,0],[0,-112.339],[-217.323,0],[0,112.329]],"o":[[-217.323,0],[0,112.329],[217.323,0],[0,-112.339]],"v":[[0.001,-203.399],[-393.498,0.003],[0.001,203.399],[407.929,0.003]],"c":true}]},{"i":{"x":0.833,"y":0.833},"o":{"x":0.167,"y":0.167},"t":25,"s":[{"i":[[217.323,0],[0,-112.339],[-217.323,0],[0,112.329]],"o":[[-217.323,0],[0,112.329],[217.323,0],[0,-112.339]],"v":[[0.001,-203.399],[-393.498,0.003],[0.001,203.399],[393.498,0.003]],"c":true}]},{"i":{"x":0.833,"y":0.833},"o":{"x":0.167,"y":0.167},"t":29,"s":[{"i":[[217.323,0],[0,-112.339],[-217.323,0],[0,112.329]],"o":[[-217.323,0],[0,112.329],[217.323,0],[0,-112.339]],"v":[[0.001,-203.399],[-393.498,0.003],[0.001,203.399],[407.929,0.003]],"c":true}]},{"i":{"x":0.833,"y":0.833},"o":{"x":0.167,"y":0.167},"t":33,"s":[{"i":[[217.323,0],[0,-112.339],[-217.323,0],[0,112.329]],"o":[[-217.323,0],[0,112.329],[217.323,0],[0,-112.339]],"v":[[0.001,-203.399],[-393.498,0.003],[0.001,203.399],[393.498,0.003]],"c":true}]},{"i":{"x":0.833,"y":0.833},"o":{"x":0.167,"y":0.167},"t":37,"s":[{"i":[[217.323,0],[0,-112.339],[-217.323,0],[0,112.329]],"o":[[-217.323,0],[0,112.329],[217.323,0],[0,-112.339]],"v":[[0.001,-203.399],[-393.498,0.003],[0.001,203.399],[407.929,0.003]],"c":true}]},{"i":{"x":0.833,"y":0.833},"o":{"x":0.167,"y":0.167},"t":41,"s":[{"i":[[217.323,0],[0,-112.339],[-217.323,0],[0,112.329]],"o":[[-217.323,0],[0,112.329],[217.323,0],[0,-112.339]],"v":[[0.001,-203.399],[-393.498,0.003],[0.001,203.399],[393.498,0.003]],"c":true}]},{"i":{"x":0.833,"y":0.833},"o":{"x":0.167,"y":0.167},"t":45,"s":[{"i":[[217.323,0],[0,-112.339],[-217.323,0],[0,112.329]],"o":[[-217.323,0],[0,112.329],[217.323,0],[0,-112.339]],"v":[[0.001,-203.399],[-393.498,0.003],[0.001,203.399],[407.929,0.003]],"c":true}]},{"i":{"x":0.833,"y":0.833},"o":{"x":0.167,"y":0.167},"t":50,"s":[{"i":[[217.323,0],[0,-112.339],[-217.323,0],[0,112.329]],"o":[[-217.323,0],[0,112.329],[217.323,0],[0,-112.339]],"v":[[0.001,-203.399],[-393.498,0.003],[0.001,203.399],[393.498,0.003]],"c":true}]},{"i":{"x":0.833,"y":0.833},"o":{"x":0.167,"y":0.167},"t":55,"s":[{"i":[[217.323,0],[0,-112.339],[-217.323,0],[0,112.329]],"o":[[-217.323,0],[0,112.329],[217.323,0],[0,-112.339]],"v":[[0.001,-203.399],[-393.498,0.003],[0.001,203.399],[407.929,0.003]],"c":true}]},{"t":59,"s":[{"i":[[217.323,0],[0,-112.339],[-217.323,0],[0,112.329]],"o":[[-217.323,0],[0,112.329],[217.323,0],[0,-112.339]],"v":[[0.001,-203.399],[-393.498,0.003],[0.001,203.399],[393.498,0.003]],"c":true}]}]},"nm":"Path 1","hd":false},{"ty":"fl","c":{"a":0,"k":[0.64756900563,0.199526169721,0.009621056388,1]},"o":{"a":0,"k":100},"r":1,"bm":0,"nm":"Fill 1","hd":false},{"ty":"tr","p":{"a":0,"k":[946.914,764.386]},"a":{"a":0,"k":[0,0]},"s":{"a":0,"k":[100,100]},"r":{"a":0,"k":0},"o":{"a":0,"k":100},"sk":{"a":0,"k":0},"sa":{"a":0,"k":0},"nm":"Transform"}],"nm":"Group 11","bm":0,"hd":false},{"ty":"gr","it":[{"ind":0,"ty":"sh","ks":{"a":1,"k":[{"i":{"x":0.833,"y":0.833},"o":{"x":0.167,"y":0.167},"t":0,"s":[{"i":[[268.963,0],[0,-139.025],[-0.073,-1.779],[-262.52,0],[-65.715,13.092],[0,81.669]],"o":[[-268.968,0],[0,1.791],[84.955,125.508],[74.164,0],[116.586,-45.996],[0,-139.025]],"v":[[0.002,-236.107],[-487.001,15.623],[-486.867,20.978],[84.24,236.107],[295.167,215.851],[487.001,15.623]],"c":true}]},{"i":{"x":0.833,"y":0.833},"o":{"x":0.167,"y":0.167},"t":3,"s":[{"i":[[268.963,0],[0,-139.025],[-0.073,-1.779],[-262.52,0],[-65.715,13.092],[0,81.669]],"o":[[-268.968,0],[0,1.791],[84.955,125.508],[74.164,0],[116.586,-45.996],[0,-139.025]],"v":[[0.002,-236.107],[-487.001,15.623],[-486.867,20.978],[84.24,236.107],[295.167,215.851],[501.432,6.002]],"c":true}]},{"i":{"x":0.833,"y":0.833},"o":{"x":0.167,"y":0.167},"t":7,"s":[{"i":[[268.963,0],[0,-139.025],[-0.073,-1.779],[-262.52,0],[-65.715,13.092],[0,81.669]],"o":[[-268.968,0],[0,1.791],[84.955,125.508],[74.164,0],[116.586,-45.996],[0,-139.025]],"v":[[0.002,-236.107],[-487.001,15.623],[-486.867,20.978],[84.24,236.107],[295.167,215.851],[487.001,15.623]],"c":true}]},{"i":{"x":0.833,"y":0.833},"o":{"x":0.167,"y":0.167},"t":11,"s":[{"i":[[268.963,0],[0,-139.025],[-0.073,-1.779],[-262.52,0],[-65.715,13.092],[0,81.669]],"o":[[-268.968,0],[0,1.791],[84.955,125.508],[74.164,0],[116.586,-45.996],[0,-139.025]],"v":[[0.002,-236.107],[-487.001,15.623],[-486.867,20.978],[84.24,236.107],[295.167,215.851],[501.432,6.002]],"c":true}]},{"i":{"x":0.833,"y":0.833},"o":{"x":0.167,"y":0.167},"t":15,"s":[{"i":[[268.963,0],[0,-139.025],[-0.073,-1.779],[-262.52,0],[-65.715,13.092],[0,81.669]],"o":[[-268.968,0],[0,1.791],[84.955,125.508],[74.164,0],[116.586,-45.996],[0,-139.025]],"v":[[0.002,-236.107],[-487.001,15.623],[-486.867,20.978],[84.24,236.107],[295.167,215.851],[487.001,15.623]],"c":true}]},{"i":{"x":0.833,"y":0.833},"o":{"x":0.167,"y":0.167},"t":19,"s":[{"i":[[268.963,0],[0,-139.025],[-0.073,-1.779],[-262.52,0],[-65.715,13.092],[0,81.669]],"o":[[-268.968,0],[0,1.791],[84.955,125.508],[74.164,0],[116.586,-45.996],[0,-139.025]],"v":[[0.002,-236.107],[-487.001,15.623],[-486.867,20.978],[84.24,236.107],[295.167,215.851],[501.432,6.002]],"c":true}]},{"i":{"x":0.833,"y":0.833},"o":{"x":0.167,"y":0.167},"t":23,"s":[{"i":[[268.963,0],[0,-139.025],[-0.073,-1.779],[-262.52,0],[-65.715,13.092],[0,81.669]],"o":[[-268.968,0],[0,1.791],[84.955,125.508],[74.164,0],[116.586,-45.996],[0,-139.025]],"v":[[0.002,-236.107],[-487.001,15.623],[-486.867,20.978],[84.24,236.107],[295.167,215.851],[487.001,15.623]],"c":true}]},{"i":{"x":0.833,"y":0.833},"o":{"x":0.167,"y":0.167},"t":27,"s":[{"i":[[268.963,0],[0,-139.025],[-0.073,-1.779],[-262.52,0],[-65.715,13.092],[0,81.669]],"o":[[-268.968,0],[0,1.791],[84.955,125.508],[74.164,0],[116.586,-45.996],[0,-139.025]],"v":[[0.002,-236.107],[-487.001,15.623],[-486.867,20.978],[84.24,236.107],[295.167,215.851],[501.432,6.002]],"c":true}]},{"i":{"x":0.833,"y":0.833},"o":{"x":0.167,"y":0.167},"t":31,"s":[{"i":[[268.963,0],[0,-139.025],[-0.073,-1.779],[-262.52,0],[-65.715,13.092],[0,81.669]],"o":[[-268.968,0],[0,1.791],[84.955,125.508],[74.164,0],[116.586,-45.996],[0,-139.025]],"v":[[0.002,-236.107],[-487.001,15.623],[-486.867,20.978],[84.24,236.107],[295.167,215.851],[487.001,15.623]],"c":true}]},{"i":{"x":0.833,"y":0.833},"o":{"x":0.167,"y":0.167},"t":35,"s":[{"i":[[268.963,0],[0,-139.025],[-0.073,-1.779],[-262.52,0],[-65.715,13.092],[0,81.669]],"o":[[-268.968,0],[0,1.791],[84.955,125.508],[74.164,0],[116.586,-45.996],[0,-139.025]],"v":[[0.002,-236.107],[-487.001,15.623],[-486.867,20.978],[84.24,236.107],[295.167,215.851],[501.432,6.002]],"c":true}]},{"i":{"x":0.833,"y":0.833},"o":{"x":0.167,"y":0.167},"t":39,"s":[{"i":[[268.963,0],[0,-139.025],[-0.073,-1.779],[-262.52,0],[-65.715,13.092],[0,81.669]],"o":[[-268.968,0],[0,1.791],[84.955,125.508],[74.164,0],[116.586,-45.996],[0,-139.025]],"v":[[0.002,-236.107],[-487.001,15.623],[-486.867,20.978],[84.24,236.107],[295.167,215.851],[487.001,15.623]],"c":true}]},{"i":{"x":0.833,"y":0.833},"o":{"x":0.167,"y":0.167},"t":44,"s":[{"i":[[268.963,0],[0,-139.025],[-0.073,-1.779],[-262.52,0],[-65.715,13.092],[0,81.669]],"o":[[-268.968,0],[0,1.791],[84.955,125.508],[74.164,0],[116.586,-45.996],[0,-139.025]],"v":[[0.002,-236.107],[-487.001,15.623],[-486.867,20.978],[84.24,236.107],[295.167,215.851],[501.432,6.002]],"c":true}]},{"i":{"x":0.833,"y":0.833},"o":{"x":0.167,"y":0.167},"t":49,"s":[{"i":[[268.963,0],[0,-139.025],[-0.073,-1.779],[-262.52,0],[-65.715,13.092],[0,81.669]],"o":[[-268.968,0],[0,1.791],[84.955,125.508],[74.164,0],[116.586,-45.996],[0,-139.025]],"v":[[0.002,-236.107],[-487.001,15.623],[-486.867,20.978],[84.24,236.107],[295.167,215.851],[487.001,15.623]],"c":true}]},{"i":{"x":0.833,"y":0.833},"o":{"x":0.167,"y":0.167},"t":54,"s":[{"i":[[268.963,0],[0,-139.025],[-0.073,-1.779],[-262.52,0],[-65.715,13.092],[0,81.669]],"o":[[-268.968,0],[0,1.791],[84.955,125.508],[74.164,0],[116.586,-45.996],[0,-139.025]],"v":[[0.002,-236.107],[-487.001,15.623],[-486.867,20.978],[84.24,236.107],[295.167,215.851],[501.432,6.002]],"c":true}]},{"t":59,"s":[{"i":[[268.963,0],[0,-139.025],[-0.073,-1.779],[-262.52,0],[-65.715,13.092],[0,81.669]],"o":[[-268.968,0],[0,1.791],[84.955,125.508],[74.164,0],[116.586,-45.996],[0,-139.025]],"v":[[0.002,-236.107],[-487.001,15.623],[-486.867,20.978],[84.24,236.107],[295.167,215.851],[487.001,15.623]],"c":true}]}]},"nm":"Path 1","hd":false},{"ty":"fl","c":{"a":0,"k":[0.410069244983,0.080398836323,0.005308117586,1]},"o":{"a":0,"k":100},"r":1,"bm":0,"nm":"Fill 1","hd":false},{"ty":"tr","p":{"a":0,"k":[1015.749,780.982]},"a":{"a":0,"k":[0,0]},"s":{"a":0,"k":[100,100]},"r":{"a":0,"k":0},"o":{"a":0,"k":100},"sk":{"a":0,"k":0},"sa":{"a":0,"k":0},"nm":"Transform"}],"nm":"Group 12","bm":0,"hd":false},{"ty":"gr","it":[{"ind":0,"ty":"sh","ks":{"a":0,"k":{"i":[[41.041,-153.475],[-280.101,0],[-63.762,143.934],[293.896,0]],"o":[[70.35,138.779],[286.896,0],[-49.064,-148.494],[-300.554,0]],"v":[[-588.662,15.343],[-2.416,256.155],[588.662,5.181],[1.502,-256.155]],"c":true}},"nm":"Path 1","hd":false},{"ty":"fl","c":{"a":0,"k":[0.112680973726,0.041075818679,0.039517784119,1]},"o":{"a":0,"k":100},"r":1,"bm":0,"nm":"Fill 1","hd":false},{"ty":"tr","p":{"a":0,"k":[1103.607,757.326]},"a":{"a":0,"k":[0,0]},"s":{"a":0,"k":[100,100]},"r":{"a":0,"k":0},"o":{"a":0,"k":100},"sk":{"a":0,"k":0},"sa":{"a":0,"k":0},"nm":"Transform"}],"nm":"Group 13","bm":0,"hd":false}],"ip":0,"op":60,"st":0,"bm":0},{"ddd":0,"ind":4,"ty":4,"nm":"tea cap","sr":1,"ks":{"p":{"a":0,"k":[193.75,346.87500000000006,0]},"a":{"a":0,"k":[1100.464,1851.901,0]},"s":{"a":0,"k":[16.240625,16.240625,100]}},"ao":0,"shapes":[{"ty":"gr","it":[{"ind":0,"ty":"sh","ks":{"a":0,"k":{"i":[[59.821,-96.506],[-67.688,-33.846],[32.716,122.68],[2.854,53.33]],"o":[[-22.13,205.848],[73.608,36.801],[-24.343,-91.291],[-178.637,32.951]],"v":[[-213.001,-98.094],[-79.745,267.234],[202.415,-43.549],[166.53,-304.035]],"c":true}},"nm":"Path 1","hd":false},{"ty":"fl","c":{"a":0,"k":[0.998883655025,0.80160001867,0.0990917505,1]},"o":{"a":0,"k":100},"r":1,"bm":0,"nm":"Fill 1","hd":false},{"ty":"tr","p":{"a":0,"k":[738.878,684.431]},"a":{"a":0,"k":[0,0]},"s":{"a":0,"k":[100,100]},"r":{"a":0,"k":0},"o":{"a":0,"k":100},"sk":{"a":0,"k":0},"sa":{"a":0,"k":0},"nm":"Transform"}],"nm":"Group 14","bm":0,"hd":false},{"ty":"gr","it":[{"ind":0,"ty":"sh","ks":{"a":0,"k":{"i":[[0,-180.674],[335.603,0],[0,180.675],[-335.617,0]],"o":[[0,180.675],[-335.617,0],[0,-180.674],[335.603,0]],"v":[[607.668,0.013],[0.004,327.14],[-607.668,0.013],[0.004,-327.14]],"c":true}},"nm":"Path 1","hd":false},{"ty":"fl","c":{"a":0,"k":[0.8274509803921568,0.6235294117647059,0.027450980392156862,1]},"o":{"a":0,"k":100},"r":1,"bm":0,"nm":"Fill 1","hd":false},{"ty":"tr","p":{"a":0,"k":[1102.405,689.95]},"a":{"a":0,"k":[0,0]},"s":{"a":0,"k":[100,100]},"r":{"a":0,"k":0},"o":{"a":0,"k":100},"sk":{"a":0,"k":0},"sa":{"a":0,"k":0},"nm":"Transform"}],"nm":"Group 15","bm":0,"hd":false},{"ty":"gr","it":[{"ind":0,"ty":"sh","ks":{"a":0,"k":{"i":[[-10.531,162.556],[3.824,14.552],[0,0],[0,0],[0,0]],"o":[[-0.975,-15.037],[0,0],[0,0],[0,0],[249.848,-50.943]],"v":[[275.462,-147.938],[268.177,-192.351],[67.335,-202.372],[-275.462,48.719],[-166.354,202.372]],"c":true}},"nm":"Path 1","hd":false},{"ty":"fl","c":{"a":0,"k":[0.995589791092,0.840232759364,0.236660886278,1]},"o":{"a":0,"k":100},"r":1,"bm":0,"nm":"Fill 1","hd":false},{"ty":"tr","p":{"a":0,"k":[1482.188,853.237]},"a":{"a":0,"k":[0,0]},"s":{"a":0,"k":[100,100]},"r":{"a":0,"k":0},"o":{"a":0,"k":100},"sk":{"a":0,"k":0},"sa":{"a":0,"k":0},"nm":"Transform"}],"nm":"Group 16","bm":0,"hd":false},{"ty":"gr","it":[{"ind":0,"ty":"sh","ks":{"a":0,"k":{"i":[[73.873,-106.057],[0,0],[0,0],[0,0]],"o":[[0,0],[0,0],[0,0],[-187.959,34.339]],"v":[[-213.487,92.734],[-133.773,130.145],[213.487,-45.481],[200.143,-130.145]],"c":true}},"nm":"Path 1","hd":false},{"ty":"fl","c":{"a":0,"k":[0.995589791092,0.840232759364,0.236660886278,1]},"o":{"a":0,"k":100},"r":1,"bm":0,"nm":"Fill 1","hd":false},{"ty":"tr","p":{"a":0,"k":[703.994,481.262]},"a":{"a":0,"k":[0,0]},"s":{"a":0,"k":[100,100]},"r":{"a":0,"k":0},"o":{"a":0,"k":100},"sk":{"a":0,"k":0},"sa":{"a":0,"k":0},"nm":"Transform"}],"nm":"Group 17","bm":0,"hd":false},{"ty":"gr","it":[{"ind":0,"ty":"sh","ks":{"a":0,"k":{"i":[[355.018,0],[13.383,-206.543],[-355.032,0],[-13.383,206.573]],"o":[[-355.032,0],[13.383,206.573],[355.018,0],[-13.383,-206.543]],"v":[[0.005,-371.601],[-657.732,-0.003],[0.005,371.601],[657.732,-0.003]],"c":true}},"nm":"Path 1","hd":false},{"ty":"fl","c":{"a":0,"k":[0.998883655025,0.80160001867,0.0990917505,1]},"o":{"a":0,"k":100},"r":1,"bm":0,"nm":"Fill 1","hd":false},{"ty":"tr","p":{"a":0,"k":[1099.919,705.301]},"a":{"a":0,"k":[0,0]},"s":{"a":0,"k":[100,100]},"r":{"a":0,"k":0},"o":{"a":0,"k":100},"sk":{"a":0,"k":0},"sa":{"a":0,"k":0},"nm":"Transform"}],"nm":"Group 18","bm":0,"hd":false},{"ty":"gr","it":[{"ind":0,"ty":"sh","ks":{"a":0,"k":{"i":[[0,-213.488],[363.547,0],[0,213.484],[-363.55,0]],"o":[[0,213.484],[-363.55,0],[0,-213.488],[363.547,0]],"v":[[658.262,-0.001],[0.004,386.548],[-658.263,-0.001],[0.004,-386.548]],"c":true}},"nm":"Path 1","hd":false},{"ty":"fl","c":{"a":0,"k":[0.91235854205,0.684588323855,0.014641127867,1]},"o":{"a":0,"k":100},"r":1,"bm":0,"nm":"Fill 1","hd":false},{"ty":"tr","p":{"a":0,"k":[1099.919,720.248]},"a":{"a":0,"k":[0,0]},"s":{"a":0,"k":[100,100]},"r":{"a":0,"k":0},"o":{"a":0,"k":100},"sk":{"a":0,"k":0},"sa":{"a":0,"k":0},"nm":"Transform"}],"nm":"Group 19","bm":0,"hd":false},{"ty":"gr","it":[{"ind":0,"ty":"sh","ks":{"a":0,"k":{"i":[[-59.869,71.367],[43.324,685.308],[0,0],[189.691,-302.767]],"o":[[99.541,-169.639],[0,0],[0,0],[115.578,-37.479]],"v":[[38.628,463.312],[177.556,-647.641],[-137.53,-490.099],[-220.88,647.641]],"c":true}},"nm":"Path 1","hd":false},{"ty":"fl","c":{"a":0,"k":[0.998883655025,0.80160001867,0.0990917505,1]},"o":{"a":0,"k":100},"r":1,"bm":0,"nm":"Fill 1","hd":false},{"ty":"tr","p":{"a":0,"k":[1489.888,1426.843]},"a":{"a":0,"k":[0,0]},"s":{"a":0,"k":[100,100]},"r":{"a":0,"k":0},"o":{"a":0,"k":100},"sk":{"a":0,"k":0},"sa":{"a":0,"k":0},"nm":"Transform"}],"nm":"Group 20","bm":0,"hd":false},{"ty":"gr","it":[{"ind":0,"ty":"sh","ks":{"a":0,"k":{"i":[[0,0],[-261.388,-356.505],[-223.056,0],[-81.771,107.77],[0,0]],"o":[[0,0],[81.896,111.697],[222.136,0],[291.422,-384.075],[0,0]],"v":[[-672.756,-699.289],[-463.307,457.222],[-8.6,699.289],[433.273,457.222],[627.628,-682.93]],"c":true}},"nm":"Path 1","hd":false},{"ty":"fl","c":{"a":0,"k":[0.91235854205,0.684588323855,0.014641127867,1]},"o":{"a":0,"k":100},"r":1,"bm":0,"nm":"Fill 1","hd":false},{"ty":"tr","p":{"a":0,"k":[1122.106,1399.24]},"a":{"a":0,"k":[0,0]},"s":{"a":0,"k":[100,100]},"r":{"a":0,"k":0},"o":{"a":0,"k":100},"sk":{"a":0,"k":0},"sa":{"a":0,"k":0},"nm":"Transform"}],"nm":"Group 21","bm":0,"hd":false},{"ty":"gr","it":[{"ind":0,"ty":"sh","ks":{"a":0,"k":{"i":[[22.096,-20.263],[-7.361,18.412]],"o":[[-12.881,11.795],[7.367,-18.416]],"v":[[-28.548,-19.328],[34.062,21.179]],"c":true}},"nm":"Path 1","hd":false},{"ty":"fl","c":{"a":0,"k":[0.995589791092,0.840232759364,0.236660886278,1]},"o":{"a":0,"k":100},"r":1,"bm":0,"nm":"Fill 1","hd":false},{"ty":"tr","p":{"a":0,"k":[1936.858,456.812]},"a":{"a":0,"k":[0,0]},"s":{"a":0,"k":[100,100]},"r":{"a":0,"k":0},"o":{"a":0,"k":100},"sk":{"a":0,"k":0},"sa":{"a":0,"k":0},"nm":"Transform"}],"nm":"Group 22","bm":0,"hd":false},{"ty":"gr","it":[{"ind":0,"ty":"sh","ks":{"a":0,"k":{"i":[[-26.666,-8.688],[74.225,-58.471],[-5.518,20.833]],"o":[[23.494,7.651],[-74.238,58.463],[5.518,-20.832]],"v":[[69.852,-101.634],[-12.445,51.859],[-87.828,77.144]],"c":true}},"nm":"Path 1","hd":false},{"ty":"fl","c":{"a":0,"k":[0.998883655025,0.80160001867,0.0990917505,1]},"o":{"a":0,"k":100},"r":1,"bm":0,"nm":"Fill 1","hd":false},{"ty":"tr","p":{"a":0,"k":[1845.617,1402.339]},"a":{"a":0,"k":[0,0]},"s":{"a":0,"k":[100,100]},"r":{"a":0,"k":0},"o":{"a":0,"k":100},"sk":{"a":0,"k":0},"sa":{"a":0,"k":0},"nm":"Transform"}],"nm":"Group 23","bm":0,"hd":false},{"ty":"gr","it":[{"ind":0,"ty":"sh","ks":{"a":0,"k":{"i":[[-7.365,-46.045],[-63.064,-45.864],[-16.572,18.407],[69.975,38.668]],"o":[[3.539,22.115],[43.326,31.509],[16.572,-18.416],[-69.98,-38.67]],"v":[[-129.54,-43.286],[29.745,-16.189],[120.333,105.906],[43.563,-85.644]],"c":true}},"nm":"Path 1","hd":false},{"ty":"fl","c":{"a":0,"k":[0.998883655025,0.80160001867,0.0990917505,1]},"o":{"a":0,"k":100},"r":1,"bm":0,"nm":"Fill 1","hd":false},{"ty":"tr","p":{"a":0,"k":[1901.579,515.752]},"a":{"a":0,"k":[0,0]},"s":{"a":0,"k":[100,100]},"r":{"a":0,"k":0},"o":{"a":0,"k":100},"sk":{"a":0,"k":0},"sa":{"a":0,"k":0},"nm":"Transform"}],"nm":"Group 24","bm":0,"hd":false},{"ty":"gr","it":[{"ind":0,"ty":"sh","ks":{"a":0,"k":{"i":[[23.994,54.758],[45.465,-3.308],[-6.162,-38.489]],"o":[[-6.209,-14.182],[11.273,32.863],[17.787,47.441]],"v":[[31.256,-34.8],[-55.25,-76.38],[-29.445,32.247]],"c":true}},"nm":"Path 1","hd":false},{"ty":"fl","c":{"a":0,"k":[0.781095257927,0.595623480105,0.030767962512,1]},"o":{"a":0,"k":100},"r":1,"bm":0,"nm":"Fill 1","hd":false},{"ty":"tr","p":{"a":0,"k":[1924.436,625.088]},"a":{"a":0,"k":[0,0]},"s":{"a":0,"k":[100,100]},"r":{"a":0,"k":0},"o":{"a":0,"k":100},"sk":{"a":0,"k":0},"sa":{"a":0,"k":0},"nm":"Transform"}],"nm":"Group 25","bm":0,"hd":false},{"ty":"gr","it":[{"ind":0,"ty":"sh","ks":{"a":0,"k":{"i":[[-19.422,99.257],[-136.111,66.797],[-86.648,-74.832],[265.953,-476.657],[71.205,-84.153],[45.309,6.477],[-21.57,66.889],[-28.047,23.732],[-34.02,63.15],[34.525,131.63],[47.469,-73.374],[28.049,-19.42]],"o":[[0,0],[164.217,-80.594],[84.73,73.175],[-76.76,137.57],[-71.215,84.157],[-45.316,-6.473],[21.582,-66.892],[28.051,-23.736],[215.24,-399.537],[-66.891,-10.785],[-47.469,73.357],[-28.055,19.419]],"v":[[-386.591,-377.15],[-145.655,-661.772],[212.101,-655.997],[150.954,316.918],[-168.757,595.635],[-324.118,735.888],[-395.337,595.635],[-291.757,459.695],[12.616,235.861],[105.761,-545.718],[-155.706,-424.615],[-263.593,-280.048]],"c":true}},"nm":"Path 1","hd":false},{"ty":"fl","c":{"a":0,"k":[0.91235854205,0.684588323855,0.014641127867,1]},"o":{"a":0,"k":100},"r":1,"bm":0,"nm":"Fill 1","hd":false},{"ty":"tr","p":{"a":0,"k":[1754.671,1088.605]},"a":{"a":0,"k":[0,0]},"s":{"a":0,"k":[100,100]},"r":{"a":0,"k":0},"o":{"a":0,"k":100},"sk":{"a":0,"k":0},"sa":{"a":0,"k":0},"nm":"Transform"}],"nm":"Group 26","bm":0,"hd":false},{"ty":"gr","it":[{"ind":0,"ty":"sh","ks":{"a":0,"k":{"i":[[0,-156.538],[232.147,0],[0,156.537],[-232.157,0]],"o":[[0,156.537],[-232.157,0],[0,-156.538],[232.147,0]],"v":[[420.343,0.011],[0.003,283.438],[-420.343,0.011],[0.003,-283.438]],"c":true}},"nm":"Path 1","hd":false},{"ty":"fl","c":{"a":0,"k":[0.91235854205,0.684588323855,0.014641127867,1]},"o":{"a":0,"k":100},"r":1,"bm":0,"nm":"Fill 1","hd":false},{"ty":"tr","p":{"a":0,"k":[1109.405,1858.715]},"a":{"a":0,"k":[0,0]},"s":{"a":0,"k":[100,100]},"r":{"a":0,"k":0},"o":{"a":0,"k":100},"sk":{"a":0,"k":0},"sa":{"a":0,"k":0},"nm":"Transform"}],"nm":"Group 27","bm":0,"hd":false}],"ip":0,"op":60,"st":0,"bm":0},{"ddd":0,"ind":5,"ty":4,"nm":"bg","sr":1,"ks":{"p":{"a":0,"k":[200,200,0]},"a":{"a":0,"k":[1163,1164,0]},"s":{"a":0,"k":[16.108593749999997,16.108593749999997,100]}},"ao":0,"shapes":[{"ty":"gr","it":[{"ind":0,"ty":"sh","ks":{"a":0,"k":{"i":[[1338.611,2238.772],[418.318,-63.811],[-680.213,-531.771]],"o":[[0,0],[-418.314,63.809],[680.22,531.776]],"v":[[525.621,-784.372],[-318.285,-1390.589],[-1184.019,513.153]],"c":true}},"nm":"Path 1","hd":false},{"ty":"fl","c":{"a":0,"k":[0.245606022255,0.622626091452,0.621953328451,1]},"o":{"a":0,"k":100},"r":1,"bm":0,"nm":"Fill 1","hd":false},{"ty":"tr","p":{"a":0,"k":[1397.33,1395.687]},"a":{"a":0,"k":[0,0]},"s":{"a":0,"k":[100,100]},"r":{"a":0,"k":0},"o":{"a":0,"k":100},"sk":{"a":0,"k":0},"sa":{"a":0,"k":0},"nm":"Transform"}],"nm":"Group 28","bm":0,"hd":false}],"ip":0,"op":60,"st":0,"bm":0}]}